path,bytes,sha256
.nojekyll,0,e3b0c44298fc1c149afbf4c8996fb92427ae41e4649b934ca495991b7852b855
RELEASE_NOTES_v1.0.txt,1074,e3e95df2f6fb6401efd599c36559f29472746c2b052dab75f1a27b88876d8ca5
RELEASE_NOTES_v1.1.txt,891,e1745927edd728a109993d7a9b07334fc130f8638a04719f79f6f2c5afae6f3a
UPLOAD_README.txt,211,00b1a10194aa9bd9bce85970b86c73397721f9b3c9df7e107c4ec1715a4505a0
assets/site/art/charged-shot.png,1280360,37df0f8fb27512d787cdf933ae008c2fb782dc7a474d52425efe234747522f2d
assets/site/art/charged-shot.webp,118598,f7be69f8b9dba111be0197199c60c1ecf1f03ecbed016b4c211c11a3ecdbe986
assets/site/art/glacial-spike.png,1226384,0d0a2697082ba56da8b8de1d9e4de2badc2ef97826d87bd59470a94af2aa59dd
assets/site/art/glacial-spike.webp,118522,86590f8b2d2182bdbefdc12ca311d4e582fe42981e73d5683db8f3143370d882
assets/site/art/intercept.png,1237563,3ae29fed653ff45a6463b1597ce10d5e09bdce854efe7132ec903ea57ebf1af7
assets/site/art/intercept.webp,117848,c0b5e0a9e6259fa7f0d87f0f247b9565f13b99f84a1bb302c54fd3f2dc631360
assets/site/art/parry.png,1195725,306ec8e7fc064828f94e45fe81947a36a24609391411313882e7a4b51a1015e3
assets/site/art/parry.webp,110062,611f4f825b10245f7c2c7c1b416566312401929c06e2ad298fd055beed32a345
assets/site/art/smite.png,894330,55a0d94b87891d3aab3277b60ec727c288af0d0a21b18d8e3f5cdb656485d587
assets/site/art/smite.webp,80456,b06313bc9f4baeb6cd1582578ab66025a409845c2ba649c61acb76e0ed9e2a2c
assets/site/art/venom-binding.png,1239860,8588e5fe3698bd12c45d991d3f827c7237f538c563576dd943abc3b87afbeb3b
assets/site/art/venom-binding.webp,117660,f96d2e11cf9b82b5c8f707aff14f1c52a8002e08807dbcda8c577083ccbda26f
assets/site/battle-preview.webp,29784,2bc51b3c8665268763282f01c83bf669a97a6324202447fbcafdc840f0f8b855
assets/site/fonts/NotoSans-Italic-Variable.woff2,1018368,d1cd64b1d71e55d3548eacdda2235d5ce3b5c15bd8ff1b40a461442a7f819b57
assets/site/fonts/NotoSans-Variable.woff2,888276,4204916b05eabc58243435a9ddfef2a4b88b29c4547aac811c6818695eafcb11
assets/site/icons/discord.svg,1390,c615f49f8b130a50ece2d1c443a58585a4a993b94b84f8f0195e38c4d00b50e8
assets/site/logo.png,326239,c00ef00ccc1e75c1e6212a06841e00563c653a4f803c41da105f4c7d3d4d34cb
assets/site/logo.webp,132856,c62604a77d5307612c10e47a5eba0337d01b4bb1bb801d97dc4fe844208de8d0
css/site.css,13954,02dc67587e4e42b0db9aae33a735587ea86fe04c70153950de49426723a3ade0
index.html,9646,9982d5a5c4cc5ae53eedd3479a41dc368807cfdef700e4ddc67879adf7e07555
js/site.js,2378,e0fcdefd137a1bfbdbaa8dd9326d30e292a6a99619df3c0f45d0af0ad46b0ea9
pvp/.nojekyll,0,e3b0c44298fc1c149afbf4c8996fb92427ae41e4649b934ca495991b7852b855
pvp/assets/Background.png,2333666,03bd71e201ddad36c9d044b00ded9589eb0e8054a9324aacb68f3668584d2df5
pvp/assets/Field.png,28868,c50d530c7ad4b812b2b6bba3bbbd6d0f084a4f3e3a2ccee2a796168265d3fabe
pvp/assets/audio/battle/Dodge.mp3,96000,e07d8c4a9e1140a4de47336fa7c9710877108f5250cd6dd24f31365200d125ff
pvp/assets/audio/battle/Heal.mp3,55380,cc1b799d0a163ac839956b0790b9718bffa2e7f17c6dd6c020afc6c3a3745e96
pvp/assets/audio/battle/M.Atk.mp3,33600,f5135d95c80dcfedf5970448a31bf3d6e833627a1824dee0c4cb092d0ee0f24b
pvp/assets/audio/battle/M.Def.mp3,63744,9fdb77b5bdcd389d555d267ed24f90164b6fe57b534cf2af5476025e0cdeff18
pvp/assets/audio/battle/P.Atk.mp3,60672,c8a321eff1e55b56a14cfaf2e68db65eb785ccaee60b4ccd0d06936e18027735
pvp/assets/audio/battle/P.Def.mp3,29257,f1b760212636c96bb891d27d0fe54b163072a9edc45a6293d5c26be95d556c99
pvp/assets/audio/freesound_community-coin-flip-37787.mp3,17280,b4842f9a3f2d25004223313f5473bef74afd79915b6af9bdb35c70f6df8c2b50
pvp/assets/audio/freesound_community-flipcard-91468.mp3,30929,1c04e41918b392a643c22d6c02ef34eeab0341c70d46b7d517078725b79d8ee4
pvp/assets/battle/Heal.png,743085,5ab9da2f756f10083a169d541cbd8e2c4f475b083db5215ee3265a07fc224370
pvp/assets/battle/M.Attack.png,1213683,7abb2701ab9315b495f068eb2a0d9d92219c72defb34e30060dabeb5695299d6
pvp/assets/battle/M.Defense.png,1703111,a7a33723dcdde086393012dd2228266e22b7f091a6aea0fe889256605375144a
pvp/assets/battle/P.Attack.png,1031738,b9a56d15c39d75d0f4953afd1121cf4a60d517601b95bfe3f090ff2152848646
pvp/assets/battle/P.Defense.png,1055127,56ca1ed4f5c3a8550aecd0f00b3b24c11d543b0b9789979f7b8bbca2d4691afe
pvp/assets/fonts/noto-sans/NotoSans-Italic-Variable.woff2,1018368,d1cd64b1d71e55d3548eacdda2235d5ce3b5c15bd8ff1b40a461442a7f819b57
pvp/assets/fonts/noto-sans/NotoSans-Variable.woff2,888276,4204916b05eabc58243435a9ddfef2a4b88b29c4547aac811c6818695eafcb11
pvp/assets/fonts/noto-sans/OFL.txt,4396,e51d69f5e43cacd83ab6e5f3f1a47005380ae08b6d108d444be49e786d127458
pvp/assets/lobby/background.webp,32642,487496dc5ac86b037002a196d17062da05ca925ea16253a0a9532e008bfe44b0
pvp/assets/lobby/grandis-legacy-logo.webp,132856,c62604a77d5307612c10e47a5eba0337d01b4bb1bb801d97dc4fe844208de8d0
pvp/assets/status-icons/Icon-Bleed.png,5756,d64592f80dc70c4a092ee20c22ea06537361d21b1ba3b1ddd35de58dad21aeb6
pvp/assets/status-icons/Icon-Burn.png,6021,40a829720d86019ff33f3fb69bbf17fed7486eecf43cb96d0b199980e10c89db
pvp/assets/status-icons/Icon-Freeze.png,7995,f5d0ace90bf961e229373a753bd6310b9e0b4bc9b541caca2ab52a33dba725f6
pvp/assets/status-icons/Icon-Poison.png,9216,6f4c37f9ed50dbc978dc82e2490278c4529b7df735c3a2a55cec0df9d2306aec
pvp/assets/status-icons/Icon-Stun.png,8695,5555889f55f6eb455c9d6ba2997b1aeae6895629618a0152ae07224aa362fa07
pvp/config.js,913,7797ef49a8afc52230f771230c18ce7a830d38cee160f22b248fd582362b9bdc
pvp/css/app.css,310751,e29a4415c17dd2c38779d696c60b31a5e5f16955845db33df5e94462b44009a2
pvp/index.html,2458,66de5a1006ec6b6acc2598d764fd3a421400a3880b0159a15229adc4a9248659
pvp/js/app.bundle.js,1232440,381907a28755ff0bd0bbe68147122754db069a259a5478390f387140dd5401df
pvp/js/pvp-network.js,106544,c8756bcdb9ee191521074ade40483283288dea8bd961f1c2b4ae416b88f14f0b
pvp/js/runtime-authority.js,16161,292e17fba8a2961bd2a0f903fb8ec8a94aced1ef7fa5c7bbbb71e4cd0f81df1d
pvp/js/static-data.js,10766230,b4f5b2219d032f4ad90f8f52b447a8cba8688f958ddc5336c731b43dc8f97cb8
pvp/starter_deck_examples/Grandis_Legacy_Starter_Deck_Presets_v1.4_PvP.json,100099,852e235a13e74d0b9c8c6913b1a27c215a7fa8cdd40a72ab5792505034d7e3e4
pvp/starter_deck_examples/starter_01_elemental_lord_conqueror_renegade_GL_DECK_1_0.json,17868,ecf89f4f1711bf780d776933c74d50c31c1ff00982854ca758e138a66c9ca5f0
pvp/starter_deck_examples/starter_02_saint_crusader_grand_ranger_GL_DECK_1_0.json,17238,03c066ecc0fc1aa78438a78dfb4c2024988e08840eef26f0c3cfd73d06a17f34
pvp/starter_deck_examples/starter_03_renegade_arcane_duelist_elemental_lord_GL_DECK_1_0.json,16562,7f0529de1bb58cea683e9f84b6dcf217bc38eed9eb7122f46a18f81b0af0ed80
pvp/starter_deck_examples/starter_04_grand_ranger_conqueror_grand_arbalest_GL_DECK_1_0.json,17283,950f6f965e8492d4f3234725630478d9f9f3f170f99a153121002277502c1311
pvp/starter_deck_examples/starter_05_elemental_lord_arcane_duelist_saint_GL_DECK_1_0.json,16286,e94834257b863a4481e211b3402925310a75e8765042b0ca501ad67efd5cc65f
shared/season1/v1/cards/thumbs/S1-ARC-001.webp,27092,08c0d1b5dc3a038a4be5ec32598ce9b445c642159195ac7a77a0cfe815fd937c
shared/season1/v1/cards/thumbs/S1-ARC-002.webp,25790,c277f388ed0b5dbe0da0a0ed260b533add00395aee53bdaf1fa7dad982f739ca
shared/season1/v1/cards/thumbs/S1-ARC-003.webp,31966,c3ba5b66a0241e34b0dc870b0a8684edc3292883e6f8cce100489f6ca635e4fa
shared/season1/v1/cards/thumbs/S1-ARC-004.webp,27820,6ef8b8beaead859a42538f4ed258cdf0c154eb564284e9ba31305600218e0e39
shared/season1/v1/cards/thumbs/S1-ARC-005.webp,25604,e4d7b867f8f5ada32b79a3da1039b7fd48cdca666add9dacbc3114c46c790ea9
shared/season1/v1/cards/thumbs/S1-ARC-006.webp,24584,7af6c94422cdffada8f1021df56489982856c3c542257933ce5ab9f20d37fb64
shared/season1/v1/cards/thumbs/S1-ARC-007.webp,28342,4ba01f1597e50e24f1b7a586646f2e7314ba01b48840a231b2f879e4916d67d5
shared/season1/v1/cards/thumbs/S1-ARC-008.webp,28110,404878de9fa279c086acc1977bdfeebd1e8e640a90a17ab10320dd3c965f49ae
shared/season1/v1/cards/thumbs/S1-ARC-009.webp,28304,43897dadc0657a29a21823a8440e715b1ede9654565c2a493d3d9c284ae088ea
shared/season1/v1/cards/thumbs/S1-ARC-010.webp,28138,43dd462c52be44d31f87b2208208337632e62db4a888e50011df82253fc8c2eb
shared/season1/v1/cards/thumbs/S1-ARC-011.webp,28660,200b84df2a352b7b9ddc6449b14eb394334ab4ad843a76ede3708f0c3fee6ae3
shared/season1/v1/cards/thumbs/S1-ARC-012.webp,32568,d46765724809fa64c04b179d8f3e05486beca3bdb03654dbaae5d8229657a2ee
shared/season1/v1/cards/thumbs/S1-ARC-013.webp,29190,f14dcb8a1bdb2d551356fc320ef3efd1d50e5eba3295681748f102ddc073bba7
shared/season1/v1/cards/thumbs/S1-ARC-014.webp,30404,2f6f7a48062e14a7bea115b8165a8790e1854debb04bcbb7a63f2fa35d491579
shared/season1/v1/cards/thumbs/S1-ARC-015.webp,30062,8b26b749d0b14f0183b23a1a14f1485e017df031838d1d31bb413227daa626a0
shared/season1/v1/cards/thumbs/S1-ARC-016.webp,35580,6c053aea6786af4ce730c83a4d23bc25710e3bff7516ba1497b14048320297fc
shared/season1/v1/cards/thumbs/S1-ARC-017.webp,33830,71ba4bc4374f4514c9caa2e82d9161499c69849549232ff8e0a6451cd1e57297
shared/season1/v1/cards/thumbs/S1-ARC-018.webp,39010,c12c51f76d0f28e1c504f5fc074531ff5a70e8d5d5d179af520b4fbab2340aee
shared/season1/v1/cards/thumbs/S1-ARC-019.webp,26518,e8806775b51e23ca5f1aeb5719c6d6d77a15a123085fcf5ef870c5e2625af439
shared/season1/v1/cards/thumbs/S1-ARC-020.webp,29334,22a4698c48fc84e1c47a0ae86e2322ed6605aa2c1dd04a996d111863b10a3607
shared/season1/v1/cards/thumbs/S1-ARC-021.webp,30482,6a72859099a29fa507f51fbca1f52ec8612adf7d33c1d02d049c02fd1e27fa4f
shared/season1/v1/cards/thumbs/S1-ARC-022.webp,28026,c1a0d10c75dcfd9e74bfc2607d364f970900088c937dcbe4dc0088039b7ac8bb
shared/season1/v1/cards/thumbs/S1-ARC-023.webp,29760,8f12b9a6f219ba42229f51551797c29ef1916c154d42d49dab3ff7715a24367b
shared/season1/v1/cards/thumbs/S1-ARC-024.webp,37454,2785b91526841a306c1a6d854f8db4ec6f4bff5cd7ac3fe0b3bc507052804fad
shared/season1/v1/cards/thumbs/S1-ARC-H001.webp,29124,e03fdd05b5cd1a7536bb2ec6987a615ac8a3dd4fd05db0600c69ccca3518ae3d
shared/season1/v1/cards/thumbs/S1-ARC-H002.webp,38216,f182811cd663423b127a153748d824a9bc4f9df2e9516e8bca7c72b7dac1e908
shared/season1/v1/cards/thumbs/S1-ARC-H003.webp,40778,e56e6090478cb732ee6907ec58839dbc5863c1142c9d971ac5e0ee1187f1eff9
shared/season1/v1/cards/thumbs/S1-ARC-H004.webp,36860,d4352aa9cef2bd6561a1f0d5c360b089fc464947469ca5a3dce87b017fa02954
shared/season1/v1/cards/thumbs/S1-ARC-H005.webp,42060,d126a1b743156b58fe9ed090a141de11f29eb0f20508aaad4fe7f2b95824ee3a
shared/season1/v1/cards/thumbs/S1-ARC-H006.webp,41804,e5adb9497ad318e47fe23b7110c47f276d83a9b85e8205149cd4c543e62b7271
shared/season1/v1/cards/thumbs/S1-ARC-L001.webp,30364,ded76266a2e219558cd537e6e1f758ba430b09a4f2bed791b2cf932d892e1034
shared/season1/v1/cards/thumbs/S1-ARC-L002.webp,28070,9c7ddf8731dd1136d4213ecaa25fd58482d0668b1492c727d9fe1fcc874dc38f
shared/season1/v1/cards/thumbs/S1-CLE-001.webp,21142,e7b693611c7763120341aa715c84aa5e3c1857400951dabe200585eb795a3706
shared/season1/v1/cards/thumbs/S1-CLE-002.webp,24320,e79f2d6d6163eac208b272c615939554a57a64db6bcfcf746f9e8fa9d3cbf537
shared/season1/v1/cards/thumbs/S1-CLE-003.webp,28924,890f5578d6b5444c7e478e472e06f8c2010db5faac91dcfee33141e366705df1
shared/season1/v1/cards/thumbs/S1-CLE-004.webp,28030,65a051b8a882ef7c40e54e580e8a349d3afbe8eb8fd471ec38f7229e3b8ba017
shared/season1/v1/cards/thumbs/S1-CLE-005.webp,27200,5b33eb0b6bfd293c028121bc12a908b4047d68c2967a73b82cf54cd34de35679
shared/season1/v1/cards/thumbs/S1-CLE-006.webp,28150,df258872b5d3b1dff0b9d161c84796a3be0926e8c752c2a0c8870b75212517c6
shared/season1/v1/cards/thumbs/S1-CLE-007.webp,30110,cf57a343847afd1f0e5544ca74305b61d48e0ff371172eb3ecd10fb5307625af
shared/season1/v1/cards/thumbs/S1-CLE-008.webp,26436,533fa665f9bda2f2fc417853dc16657cdeecaf76b79113ae4466b0d18078b5ce
shared/season1/v1/cards/thumbs/S1-CLE-009.webp,28844,77b12528ca1b68bfb6b00928a458ff6871ba6523c2cf14f937d5482fc467b8ce
shared/season1/v1/cards/thumbs/S1-CLE-010.webp,29056,d345fbe5c7df7eb437495fc5395a2e08187dc0ed388dae74952a03c3dff1a0ea
shared/season1/v1/cards/thumbs/S1-CLE-011.webp,28964,bb8253f7df95bc3fe0d94656a8b85bd0cb06a41fd2b2217a6989ca5064b6b91f
shared/season1/v1/cards/thumbs/S1-CLE-012.webp,67920,1a1d930eaa9267058de175042acd53644ef7f76be8f92adf524d1c7bbbf2c79f
shared/season1/v1/cards/thumbs/S1-CLE-013.webp,25800,df746e21eb5a616c0496d7db6cc87b5be18c5088eedb8260bef31b8be2c68bbd
shared/season1/v1/cards/thumbs/S1-CLE-014.webp,28354,d23d5543ab2a3af288d141e16d8015b2dcba6423a8ef7a1d96459679fe3b5172
shared/season1/v1/cards/thumbs/S1-CLE-015.webp,68070,be27b53b48df8b65dad3f47b4ecc1600ec00eff04fd4e9946c4738e52324c800
shared/season1/v1/cards/thumbs/S1-CLE-016.webp,27272,c2edd2e9d0969ce8e5802aa18a500330b4b9f9675d4e9594ee2ae92bfec86b7c
shared/season1/v1/cards/thumbs/S1-CLE-017.webp,27354,5b641b5dcfb9c62f031fba740edf6e700ebaf16cfd446fa2a8f2ddedfff108b1
shared/season1/v1/cards/thumbs/S1-CLE-018.webp,36790,d07f7f4554ca557ae993e25435ca5a03dcc77572d2030804846392eb07d67a19
shared/season1/v1/cards/thumbs/S1-CLE-019.webp,35394,cd785d3437bb2ff2b07c39b23dae70ea43464b7571b8852f68272f547942b3f5
shared/season1/v1/cards/thumbs/S1-CLE-020.webp,26868,1744fbe6e3844999dfbfa745952fbe83059d174bace1ff005800ddd1ec0ae58e
shared/season1/v1/cards/thumbs/S1-CLE-021.webp,30742,b0f8b623d7263c29c1459db3c251c9f114cf7a79d63bfe9e898f8e5e37ee3da5
shared/season1/v1/cards/thumbs/S1-CLE-022.webp,29978,45ae32b2483529770803cc5cedf4ac3802458cecddb73cde3cff113aeb1a77dd
shared/season1/v1/cards/thumbs/S1-CLE-023.webp,30496,4338319b3f73d5c977cc58c2b37f92b23e8ad3db70b23f8853fd2c90cf4ec62a
shared/season1/v1/cards/thumbs/S1-CLE-024.webp,30944,c027a9e5382edfb6b33159c20786e41a1841ca0f0a17c67f40dfac8476551fd1
shared/season1/v1/cards/thumbs/S1-CLE-025.webp,43738,b1ad84a58831d15993943f6d981ad395746625bfed6489323858e22f8d54357d
shared/season1/v1/cards/thumbs/S1-CLE-H001.webp,31788,96d8d3ba2b2deb921c41e84721d69a6ffa1c2b79be560d79b19800ebb9caa574
shared/season1/v1/cards/thumbs/S1-CLE-H002.webp,41568,96851c5e07efb540b004bce05038206cc7f8a431713b5fd6a69d98f6b874cd64
shared/season1/v1/cards/thumbs/S1-CLE-H003.webp,42178,401db399e248d83383639cedfb2b01ffbd86c3e2660c59e4c85cb649791961be
shared/season1/v1/cards/thumbs/S1-CLE-H004.webp,31244,ec2c17136d317a026922e91013106b6ab3f4ed955b86585c5a9ac7e97b9af8c7
shared/season1/v1/cards/thumbs/S1-CLE-H005.webp,39502,7e24449a6ad4d1d46e0bd54af00d78f2a3e9b34c569bbd87aa79a016c711b27c
shared/season1/v1/cards/thumbs/S1-CLE-H006.webp,42586,50c6fc4f14a712b1b03ab5df7a09cbb2eefa1fb92269ec73e5a8a62a464220b4
shared/season1/v1/cards/thumbs/S1-CLE-L001.webp,28586,a85a61e6ff040499033b9ad43bda97244334f6fe61ca6c8292d22fc6e2bea968
shared/season1/v1/cards/thumbs/S1-CLE-L002.webp,24164,d973a85ff12363dd8b00a764ae9f8be83243c74ed1f6b72db13f13e7aa05f88c
shared/season1/v1/cards/thumbs/S1-EVT-001.webp,33598,af45bdb4918718c40118faac33825692f0320e8b43ae22d9314e047fb65fce83
shared/season1/v1/cards/thumbs/S1-EVT-002.webp,27682,993e4a27f6a003f3f3ff3e17cc7a5891543fa0e86518db311d2f8041e216b916
shared/season1/v1/cards/thumbs/S1-EVT-003.webp,30208,eb3737737fc6911aace8b06f0df3d7026d463bceeb66be4863c82349853de0d3
shared/season1/v1/cards/thumbs/S1-EVT-004.webp,39354,8a24c76b07fd151895c260262e11fce148e0c9fe1f15b1b5ee3928375f93cf6b
shared/season1/v1/cards/thumbs/S1-EVT-005.webp,35740,8f1136073783d29744e4821f5240674f87aec481f7f30b868c9116d6112992b8
shared/season1/v1/cards/thumbs/S1-EVT-006.webp,29292,bd38bb06aa3f7b0be1fb24f7a9c6c607a81226e1497db5ada1e35b37fe1791c8
shared/season1/v1/cards/thumbs/S1-EVT-007.webp,33066,04129a3680aa8aea5a85a3feee9f69160aa97aff24f2657e4aeeda6214a79d13
shared/season1/v1/cards/thumbs/S1-EVT-008.webp,31076,c4e64ee262639ae45b03c294c1afc102bf09cea6afad2dff6037befe1774f7e9
shared/season1/v1/cards/thumbs/S1-EVT-009.webp,37582,cd256b7e4a8b9a37f2c1398453ee1c92aaa574b375d384c6d425911e2e4669b5
shared/season1/v1/cards/thumbs/S1-EVT-010.webp,33488,8ef487be7eeb745e9ff70d9e54a502a41f4ef9ebbbfbf52cacd74738e7467f48
shared/season1/v1/cards/thumbs/S1-EVT-011.webp,41256,1014c0c7acd566351e004960c05f166e3bd8ecabb789d84824a3594f935fd34d
shared/season1/v1/cards/thumbs/S1-EVT-012.webp,40046,99292227b1f389fa1fa047245bd210c8a4c5d96114f155f416e942e2cef44d95
shared/season1/v1/cards/thumbs/S1-ITM-001.webp,23234,6649852a165ff2c9260dab74e6caac2718ab9d8459c4a59bcbc6617941f72e81
shared/season1/v1/cards/thumbs/S1-ITM-002.webp,28248,519badf6527adcb4ec0c6a69a662f93a77de124d0c0b66b462b5671981dc4aba
shared/season1/v1/cards/thumbs/S1-ITM-003.webp,27012,0e7af506814d701eb7f13a34acb8992d1c5d2a93091bcc843516ebf79a949f37
shared/season1/v1/cards/thumbs/S1-ITM-004.webp,23204,af513b0b1a7957ea20b84a60b6793c49b9bffaf035819d5b4f7f1094dfe57933
shared/season1/v1/cards/thumbs/S1-ITM-005.webp,22772,816bbaed9feac57caf83eb2b773841154c7538f86e0e174f7f65abfcbca9038d
shared/season1/v1/cards/thumbs/S1-ITM-006.webp,28220,f0b20fec7768f761cb60a3c14cf9f698d4d046208fbef5da2cebefcc9d2b43f3
shared/season1/v1/cards/thumbs/S1-ITM-007.webp,25370,d97a0eb959992cf72b7025b520b9319cbf551468a136b97ada2702fc0e08174a
shared/season1/v1/cards/thumbs/S1-ITM-008.webp,29408,cfac87eb9252b28dc175db9b43c37f90b889e156f29682c658eed74dc471aad9
shared/season1/v1/cards/thumbs/S1-ITM-009.webp,29038,92c2550e4064098d4234414bffd18c2edac04aa9babd19ba8db290d1204b60ed
shared/season1/v1/cards/thumbs/S1-ITM-010.webp,27690,31baf458fd7d4e990fcbf6314f9a1f78b3b903979a3e59a53f31466c742432a6
shared/season1/v1/cards/thumbs/S1-ITM-011.webp,25936,bffe8eb2f9f4c7b7c524fb2fad661198493e4df7d746ed6bceae577280c98716
shared/season1/v1/cards/thumbs/S1-ITM-012.webp,27462,397fde17f0d7a1d0195b05cc668c434816dbf8032d15a5217190f3833c9c1cad
shared/season1/v1/cards/thumbs/S1-ITM-013.webp,29628,1914d7c2e957ffcefc3e30daeb0abc4e9a91d37de5e1eee528ade14e6a9391aa
shared/season1/v1/cards/thumbs/S1-ITM-014.webp,29296,470f93151ea36cd6a159b03597bfa095ee5dd3b5fa6c96260cb529f56c3e0349
shared/season1/v1/cards/thumbs/S1-ITM-015.webp,28144,ec6915dd25c93a7d5765b8190472be6b4a01fccca82a7e153edf711f64f4fc53
shared/season1/v1/cards/thumbs/S1-ITM-016.webp,25734,1beba25b419dc54c20cfa3b76b3c6939c46a85fff8be6e96ba993daa2ee0d22d
shared/season1/v1/cards/thumbs/S1-ITM-017.webp,32084,a152552524d3db624abf9479eaafe97b5e42b59421db96068091a4b45acfb32e
shared/season1/v1/cards/thumbs/S1-ITM-018.webp,30924,f463f8fd9b17ab22258395c4e122733c585cec19488701bdd02a0486ef3b54d4
shared/season1/v1/cards/thumbs/S1-MAG-001.webp,26668,32506a00d5e73c4f2aeb402b69f0e0d34b114dbddf7d54629533816edb84ce2a
shared/season1/v1/cards/thumbs/S1-MAG-002.webp,29168,c0ebefbf146ff8fdcfe1efb7e85502735bf8f1a9fd9b12d64b7fa12dec911854
shared/season1/v1/cards/thumbs/S1-MAG-003.webp,27420,62747a2b3b0733df4a3f3d3cd8d7d1d53c9a03bbc16c7cf8cc298bd376801da6
shared/season1/v1/cards/thumbs/S1-MAG-004.webp,27858,6813849133b1e16f1c483713ebde691f2e5ae402c155de55410a06a1aeeeadf8
shared/season1/v1/cards/thumbs/S1-MAG-005.webp,25084,cfc17245f5f271b251baaa82e79982d7e4792e5d29dc7aede60b1e319bc650f9
shared/season1/v1/cards/thumbs/S1-MAG-006.webp,24482,4e673bf521a85acce05687923871427119b744218d60bf43e315f3a3b6f33d8b
shared/season1/v1/cards/thumbs/S1-MAG-007.webp,31024,117cc08a8b98c3cb77bdb1bdc174c0a67ce01615f1f4beab79c2f7835ec72353
shared/season1/v1/cards/thumbs/S1-MAG-008.webp,34804,8758f6fac2cbd557e9d3f153ed391c68c5d2e2c9cd0c77ab553f0557130353fd
shared/season1/v1/cards/thumbs/S1-MAG-009.webp,31096,2a96265233e2b3fc37629c6a310bc5b5fb743a024ab7b3ab2958e01940bd9c74
shared/season1/v1/cards/thumbs/S1-MAG-010.webp,35112,a377fa0658f5a757567d370cc8612d4a78044a554f8ff2d8c764affbda6e9f16
shared/season1/v1/cards/thumbs/S1-MAG-011.webp,26720,c8000fdcb96e1a1ffe9ed8df2cbf41a7d54cd9d05b1fc832034f61a7bdc9846b
shared/season1/v1/cards/thumbs/S1-MAG-012.webp,27724,6909ff51cb4a7240750e68d62e76cca27583404fe26fb830d6cdb22bf0288809
shared/season1/v1/cards/thumbs/S1-MAG-013.webp,31266,0d38d935f90080bb065c3e314988716324623d496d5491e6f3e3348f4587e401
shared/season1/v1/cards/thumbs/S1-MAG-014.webp,28476,c5a45814258e7dec3d1822a3967cc0292a240137d3bde25c54d76a07c00fe5ce
shared/season1/v1/cards/thumbs/S1-MAG-015.webp,32696,ee7883a9cca2b2082fabba6e77564d6346cdb9ebcb7d21c4f750e2ab166220a8
shared/season1/v1/cards/thumbs/S1-MAG-016.webp,29290,8119f482b10e0f97d0e56afbb76c952500f0c82c8e4eb81f8b99aece23e8b50b
shared/season1/v1/cards/thumbs/S1-MAG-017.webp,32794,1b199c53e30fcdec17f96703fe856cb9edb0ca602e9e81f64008589fd1d928aa
shared/season1/v1/cards/thumbs/S1-MAG-018.webp,43856,c644bca2eece59532f1dfb80ab2a8ba124b77a8b29e30fdc9e0a56ce279fc6f3
shared/season1/v1/cards/thumbs/S1-MAG-019.webp,38656,d53ed5f54accfd1a73b88deca1bf4fe15e6cbf54d8dcbf05e352861b9c1071f7
shared/season1/v1/cards/thumbs/S1-MAG-020.webp,26434,1838cb62cfb3181169b514de13cfa73c8abd8afea0757ea6cfe413074d0de7b6
shared/season1/v1/cards/thumbs/S1-MAG-021.webp,28330,99199252e57d8ba6f659fadd170ff28fbb0bc5285d1456d2178c6803352ecffc
shared/season1/v1/cards/thumbs/S1-MAG-022.webp,31836,07ab2261d1bcdcf73253313833f1c84bb572c84d8e59c8f1d2fb1b0c1880e19e
shared/season1/v1/cards/thumbs/S1-MAG-023.webp,31406,9ee80799b92d9692a81d2d27f13e274704a6645b52fba84f156334ebc5ea9e55
shared/season1/v1/cards/thumbs/S1-MAG-024.webp,31044,b105ca1886b4ed1ffc120c30d86d627920cee7ec15bbf2427b27dc539e5ce428
shared/season1/v1/cards/thumbs/S1-MAG-025.webp,36480,f663dde625a93c31b6299eebb6a928eb280f9618853e36cc7f9366b0d066ab63
shared/season1/v1/cards/thumbs/S1-MAG-H001.webp,40542,9b232880e460ec3e301865b800b8cb8e8ba6c063931126f04e33247c196dcf3c
shared/season1/v1/cards/thumbs/S1-MAG-H002.webp,41938,ef42c84bb86c63ba49918dbe2e60b16d105d54bb6760f34c852b4af6bb7ae72e
shared/season1/v1/cards/thumbs/S1-MAG-H003.webp,47436,cd21ff80d8e9b5bb65dfff16b2719db68807ff244d0ac268a0c4fd31785690fd
shared/season1/v1/cards/thumbs/S1-MAG-H004.webp,34124,a2951c643768fad60984063a2310ced97a676e1cfc9ab992b722c3bcf24c4b7b
shared/season1/v1/cards/thumbs/S1-MAG-H005.webp,31678,9ef39b3e93dbfdaa7d75682a9a60819dd6cf7b5218778c1d67575f51797636ff
shared/season1/v1/cards/thumbs/S1-MAG-H006.webp,40060,4aa9b5617e0976adae9b1c5ee44448910001741b1941f00250f57ad9c672b18a
shared/season1/v1/cards/thumbs/S1-MAG-L001.webp,28526,3f421f5c8fdd5bf426f30be79d947f77167f7694418d7672fb5fb85a189a8a33
shared/season1/v1/cards/thumbs/S1-MAG-L002.webp,27936,e1ff2ad088c7a3a34d4acef249044eb0851ad44e7136afc0975aa5bf36f3e034
shared/season1/v1/cards/thumbs/S1-THF-001.webp,23994,969619c4eae3455676bbe692cb25d488b7cc9ba0ec06361946b1e01b83eea397
shared/season1/v1/cards/thumbs/S1-THF-002.webp,26206,65c40356ff382a978dcb198eb1397474aa361625009cc111351248d14a0720c8
shared/season1/v1/cards/thumbs/S1-THF-003.webp,23360,40792f6a3b0c639e8f2f37dccecb9a8ae61aaba2dca5b604b55d848173b9e92e
shared/season1/v1/cards/thumbs/S1-THF-004.webp,27962,80bc7fa10dc2eb84fcf8a2a2e332a069b62dff2c220a81132355891dcac8f5cb
shared/season1/v1/cards/thumbs/S1-THF-005.webp,26244,bb55f34d48394f2bfacfc5815c2a145263d4046c49e27a56dac93750683f85ad
shared/season1/v1/cards/thumbs/S1-THF-006.webp,24876,1b01569ae821a4b61bc3fe4a937e6701f23668ebd43c2a79d8250f59efec8ed7
shared/season1/v1/cards/thumbs/S1-THF-007.webp,28388,fa89cf9be70b57b4cd1d7aefebf4170a9eae2d067bb94a691b5e9f36666bf80d
shared/season1/v1/cards/thumbs/S1-THF-008.webp,27930,b055160eee3a57f8ef3c187b12488c5a685a5d578c6b17e533a6354f7043d90f
shared/season1/v1/cards/thumbs/S1-THF-009.webp,34484,4cf8d3bba5615a8e5a34aefeca46bd7230f9e0258e9c30c9e5fb7d69e61ba216
shared/season1/v1/cards/thumbs/S1-THF-010.webp,29250,5418210a285e29b13c2f424270882778313f6b7bf95fff0db1355c56a774e1c4
shared/season1/v1/cards/thumbs/S1-THF-011.webp,29586,5009b87c0c8f9b14154c4428ec25730d3fbde9f2ad89d8ddfaf97e7e953018c0
shared/season1/v1/cards/thumbs/S1-THF-012.webp,22616,2c61afa7d7cf0ed7f33e738e2067775fde00eecc5e0624fa023915743fa4459e
shared/season1/v1/cards/thumbs/S1-THF-013.webp,30954,3d694c05f500802071a65a88c32abf5faaff6ad6a9c9e9d79028fcba588f360d
shared/season1/v1/cards/thumbs/S1-THF-014.webp,30168,7d2bd8a8b06476a1d40c93f15f8f563bf4800bd4fdd415d16913907a38624d9d
shared/season1/v1/cards/thumbs/S1-THF-015.webp,33742,7d88bf68ae8c14828fe354092c7ff0148b1c472a65a9a480bca608c7571b3192
shared/season1/v1/cards/thumbs/S1-THF-016.webp,31078,e9bf23631c2c16e86b5aca6bbe69b984b0e1f63bd0aeb624284fe7797310bf5d
shared/season1/v1/cards/thumbs/S1-THF-017.webp,32912,56ee1bafda6af14d360a196cb959e2a7ae9e2f64db4f5c75c5cf6470019d1583
shared/season1/v1/cards/thumbs/S1-THF-018.webp,44536,b64f02c86bcbc1b2c78f695c551a7c1c5f243a0d8fba131b358bf0faa8036754
shared/season1/v1/cards/thumbs/S1-THF-019.webp,29750,cacf895c769abba80e0051ed0a22ff16d0af6d932aae36cadb40cabe36b942be
shared/season1/v1/cards/thumbs/S1-THF-020.webp,28704,55a1abd0409217e79dc5ddcade78b9367a78870c7c97af87385c600209a59e05
shared/season1/v1/cards/thumbs/S1-THF-021.webp,29490,43fd5a74250a684e46be4c7e14a3aa4cb2591dd078a49d60b4b9aa328323a719
shared/season1/v1/cards/thumbs/S1-THF-022.webp,29536,4d358babb54a937243cad8fa3a61b0402769f214b151bb6c9e939302f6f1bbf7
shared/season1/v1/cards/thumbs/S1-THF-023.webp,31838,e3442d59074ce1956c31750b44b4c7297ea7efb8e4f7564ad80ed1cb81ee35b7
shared/season1/v1/cards/thumbs/S1-THF-024.webp,29446,89fd97c27a1b52349c60fbeea992a2fcdb21bf13c3d8ff6ed92c327e399756de
shared/season1/v1/cards/thumbs/S1-THF-025.webp,29800,9224b574c9f9902829925a3338736c3d88cac3380bead3b5972be69ca749b1ff
shared/season1/v1/cards/thumbs/S1-THF-026.webp,29116,8167fb8cc9f2993ea8ab3379a9bbb15670ce023a2b04fd7273828bc5a983a3ad
shared/season1/v1/cards/thumbs/S1-THF-027.webp,26366,841ab8d91d5d4163886ce601ec1f50a5a8572a178d7c56411fb7f41833c54ca6
shared/season1/v1/cards/thumbs/S1-THF-028.webp,27350,9613ef146cf05564cff438dc46f7584d19bb4bb1cf61cde8fde8bcb177d2cca8
shared/season1/v1/cards/thumbs/S1-THF-029.webp,33592,62c9077d40f1b29f06547b595e75b2a8821537a37ec7911c1f97123aabc2a588
shared/season1/v1/cards/thumbs/S1-THF-030.webp,33828,03e3441feb27d3ef2c3462641427057c6ee2e62dff280cfe9d438b8dc261cfa0
shared/season1/v1/cards/thumbs/S1-THF-H001.webp,25474,c4dcf0c79311896ae210682b5ecfe4c0e2377058fe161133472da57cba0d94ff
shared/season1/v1/cards/thumbs/S1-THF-H002.webp,38968,ea60cb5cb0054e3c193c34c59513def41c175774cd7fdbebc72d8b54d3b644b6
shared/season1/v1/cards/thumbs/S1-THF-H003.webp,37142,36e003f7a662950b74125de3ee81722883669cc162041ab48fcbb8888e9ae9e2
shared/season1/v1/cards/thumbs/S1-THF-H004.webp,23798,33d19e123a27b7492a99bc226f906e9c3bb88309e889b98c69c4f1068335b356
shared/season1/v1/cards/thumbs/S1-THF-H005.webp,38160,ace33eb2d8c74d0b3482590981f7d283876a4673155d9cfa5939c4bd6a8c264d
shared/season1/v1/cards/thumbs/S1-THF-H006.webp,45460,1879e1fa740379fef035f1585852e2a320cafea59bc2b059f6b6b4f46009985e
shared/season1/v1/cards/thumbs/S1-THF-L001.webp,26824,0d567e8e44842b6f21a5b18b81d5c6ae76a1322874b858bc3a6206052efdf1d7
shared/season1/v1/cards/thumbs/S1-THF-L002.webp,28938,68da746a54c8ab9bacf82297bf0b5475610fe40f74be5d143ec6bc3ffab35240
shared/season1/v1/cards/thumbs/S1-WAR-001.webp,23152,8ba97568e4fe2e75f22dada729c57bffcdc0f359200ebfba0196dd74e11ede3f
shared/season1/v1/cards/thumbs/S1-WAR-002.webp,25790,e9038ee473db042fabbc8bb15df7f268856e7841b5a86d2005c07de2098b155e
shared/season1/v1/cards/thumbs/S1-WAR-003.webp,26044,742a86269658d2294499a9f2aa4c415c995f62720ed35e994a12b34ed5008d06
shared/season1/v1/cards/thumbs/S1-WAR-004.webp,30824,a831bb8e2b6ad4a6e897cc67b4e9cb883e9442dc4f636021e3d1c93c26bde790
shared/season1/v1/cards/thumbs/S1-WAR-005.webp,27412,9a1e7e7ebfaa1d01014aa8d806b45b48aebcd2f8caa034682953faec43435c37
shared/season1/v1/cards/thumbs/S1-WAR-006.webp,25524,07f06133cef90d42901f4e6be9c6ffa4006cf33779d1324125eebb345768e7fe
shared/season1/v1/cards/thumbs/S1-WAR-007.webp,26928,04ea40a8937a60d379655bdf1f4c6a89e1e56896ef7a0398a57ad97f2ae379fa
shared/season1/v1/cards/thumbs/S1-WAR-008.webp,27366,370bbe929146f5b395b85c4d91920176b10d7bd54f5011b9f1fdb6e97195c1f5
shared/season1/v1/cards/thumbs/S1-WAR-009.webp,28884,ab50a2531ff3573d0c003c14394be167b9721a4fa94278ca13af89d8fdcd4b7d
shared/season1/v1/cards/thumbs/S1-WAR-010.webp,30344,d76f093ca065f01365b993cfb128aeebf90adb5bafca5335f33a6a18ebc01176
shared/season1/v1/cards/thumbs/S1-WAR-011.webp,26594,c6530d1a1425820e58c3de8cf0a73bd9a4aedb979ca7dd28ca2eb0e9022d5fd1
shared/season1/v1/cards/thumbs/S1-WAR-012.webp,30636,d1a22a1f28594c652dd037f40769890c1e8351f2dedd2adbddc233a1eb2826a9
shared/season1/v1/cards/thumbs/S1-WAR-013.webp,28632,bea0235d92e2d53a6bebd46f9f920755bd3a90ccc4d0171177f8ca89fd60a6d0
shared/season1/v1/cards/thumbs/S1-WAR-014.webp,28322,793347204dc8f166611c72d4ff705a48cecd1862e7c5b0116ae162c075bb7af0
shared/season1/v1/cards/thumbs/S1-WAR-015.webp,34942,9740baca0f08d182d5abe34ec39c912f27b2fd0ca747530aca0a5565346c2b34
shared/season1/v1/cards/thumbs/S1-WAR-016.webp,32494,418b51ac2eca21fbc12d6db628a829fc2b2c1222d2931d81974e9217d05bfbe6
shared/season1/v1/cards/thumbs/S1-WAR-017.webp,30362,2b2cd82646c1ab76ff53b434a7020540edfb31187816f8682733306123bc3c62
shared/season1/v1/cards/thumbs/S1-WAR-018.webp,37496,59fbf4c05530e3ff3ff15480de18898a857f8ec2966b5a9e5f5327debe23e365
shared/season1/v1/cards/thumbs/S1-WAR-019.webp,28142,317a1dc2af556047a0d69643ceebb81c07a4c3cae198b258a0473a3a6753bfb2
shared/season1/v1/cards/thumbs/S1-WAR-020.webp,33884,6a5ca557eff563ec28ca24b942616c27694d23ba77f57b375014e471eb38c4ca
shared/season1/v1/cards/thumbs/S1-WAR-021.webp,30040,344791216615127e765bdfda81795892b088951ccaf8e6b743f59935b2d3558f
shared/season1/v1/cards/thumbs/S1-WAR-022.webp,33716,5831fb9c0b4ba397f4c18022da9e51584a5aafdd7e8362eba52a9fa6ae290678
shared/season1/v1/cards/thumbs/S1-WAR-023.webp,31420,426aa09540883e6073c33420c9c48eab1cae0a3d1dcc863e9d3864721984fb2b
shared/season1/v1/cards/thumbs/S1-WAR-024.webp,30294,63997ac2f7ad7cf4868ca782a0c899f4cca88156cbb3847920e3f0df89ff62f6
shared/season1/v1/cards/thumbs/S1-WAR-H001.webp,33326,80fd278f4593f5014d981281b1559b93fc241429f171b78bd158ac23f50a522b
shared/season1/v1/cards/thumbs/S1-WAR-H002.webp,39458,2e4a89c9e9877e0a9e23ca8fd8e388d2180ca53e6a5da479f01c0e7d0a3b98f5
shared/season1/v1/cards/thumbs/S1-WAR-H003.webp,39936,23c579b4c521e44939c88dc0b9d70b72bccaf5180473e7cabdd94a6303a6e953
shared/season1/v1/cards/thumbs/S1-WAR-H004.webp,34756,a57bc2e0a5206c09483c53b48f19db803ceea8260bd7cf3deac9c069d49a0c63
shared/season1/v1/cards/thumbs/S1-WAR-H005.webp,42542,2c5ef9f974b2f76bce0928b14cf9d666a32e3800d431ed1faf6b5990ff2f3577
shared/season1/v1/cards/thumbs/S1-WAR-H006.webp,43870,d2d0302129cd8f1a0457506795d1d0a6c87bab2c2ecf9db53df75d8b2f065bcc
shared/season1/v1/cards/thumbs/S1-WAR-L001.webp,25240,86339b63aff09e73334d3e650b3fac3f6d65041743889eebbc46120c6810e721
shared/season1/v1/cards/thumbs/S1-WAR-L002.webp,28468,5e8b32e66821298f8a08d4a787b2106232376f4f2f5aefc09410923e5c74e7ab
shared/season1/v1/cards/ui/Back-of-Card-Legacy-Deck.webp,25956,9c7d91fb5789493a951878aa26f45681d769f787c269a860f701a37ece018d28
shared/season1/v1/cards/ui/Back-of-Card-Main-Deck.webp,20678,9add0915f7ca981dbf6b52aeaddeed43d9db9e2070c791507459d8e9b6995c8f
shared/season1/v1/cards/ui/Mana-Shard-Thumb.webp,31752,d67530e1ec04053c53062741756f070e99a607af8a007b131d70083c9850faa6
shared/season1/v1/cards/ui/Racial-Token-Head.webp,27298,57036f1998bda6b4de001e91ef6879036987ff901653209a92e653f511325112
shared/season1/v1/cards/ui/Racial-Token-Tail.webp,13620,2c4947aa137ee15967c3f4342fe00179ff90dee5fe87d9162ca5d766896426c2
shared/season1/v1/manifest.json,33619,d6877ae7e5f7f26a78de54e33878022c9a03a9c756ac81e084dc6fc8640e9270
